,城市
其他,103
广东,10
浙江 杭州,9
海外,9
广东 广州,8
江苏,8
山东,8
河南,7
上海,7
湖北,6
浙江,6
江西,6
安徽,6
广东 深圳,6
北京,6
陕西 西安,5
江苏 南京,5
福建,5
陕西,5
黑龙江,4
河北,4
内蒙古,4
天津,4
重庆,4
四川 成都,4
北京 东城区,4
辽宁,4
安徽 合肥,3
河南 郑州,3
湖北 武汉,3
海南,3
海外 其他,3
四川,2
安徽 安庆,2
北京 海淀区,2
河北 张家口,2
广东 潮州,2
福建 宁德,2
吉林,2
云南 昆明,2
山东 烟台,2
天津 南开区,2
湖南,2
浙江 温州,2
广东 揭阳,2
辽宁 大连,2
北京 朝阳区,2
北京 西城区,2
浙江 金华,1
重庆 永川区,1
黑龙江 牡丹江,1
上海 长宁区,1
广东 珠海,1
山西,1
台湾 台北市,1
天津 河北区,1
河北 邢台,1
上海 闵行区,1
江苏 镇江,1
内蒙古 鄂尔多斯,1
广东 佛山,1
甘肃,1
海外 美国,1
新疆 乌鲁木齐,1
江西 赣州,1
上海 虹口区,1
新疆,1
甘肃 酒泉,1
上海 闸北区,1
天津 东丽区,1
北京 昌平区,1
山西 长治,1
海外 奥地利,1
河北 邯郸,1
内蒙古 通辽,1
江苏 泰州,1
江西 南昌,1
河南 焦作,1
香港 其他,1
山东 济南,1
吉林 长春,1
重庆 沙坪坝区,1
江苏 苏州,1
湖南 株洲,1
山东 威海,1
上海 松江区,1
山东 青岛,1
山东 滨州,1
江苏 盐城,1
江苏 常州,1
海外 英国,1
吉林 白山,1
海外 西班牙,1
辽宁 沈阳,1
海外 斯洛文尼亚,1
吉林 吉林,1
四川 阿坝,1
安徽 六安,1
黑龙江 大庆,1
北京 怀柔区,1
安徽 宣城,1
四川 绵阳,1
福建 厦门,1
四川 巴中,1
贵州,1
黑龙江 哈尔滨,1
广西 河池,1
福建 福州,1
河北 秦皇岛,1
